﻿<SASReport version="1.0">
      <Data>
            <IQData type="2DEmbedded" name="TreeData">
                  <EmbeddedData>
                        <Variables>
                              <Variable name="Var1" varName="Var1" type="String" />
                              <Variable name="Var2" varName="Var2" type="String" />
                              <Variable name="Var3" varName="Var3" type="Numeric" />
                              <Variable name="Var4" varName="Var4" type="Numeric" />
                              <Variable name="Var5" varName="Var5" type="Numeric" />
                              <Variable name="Var6" varName="Var6" type="Numeric" />
                              <Variable name="Var7" varName="Var7" type="String"  />
                              <Variable name="Var8" varName="Var8" type="String" />
                              <Variable name="Var9" varName="Var9" type="Numeric" />
                        </Variables>
                        <ValuesList>
    <Values>
      <Value>Non-Missing Values</Value>
      <Value>num</Value>
      <Value>10</Value>
      <Value>19.47</Value>
      <Value>1</Value>
      <Value>0</Value>
      <Value>          7:        19.5%
 Count:          303</Value>
      <Value>Node Id:            1&#10;&#10;1:        11.2%&#10;2:        11.2%&#10;7:        19.5%&#10;5:         5.3%&#10;10:        17.5%&#10;4:        18.5%&#10;8:        14.5%&#10;9:
 0.7%&#10;3:         0.3%&#10;6:         1.3%&#10; Count:          303</Value>
      <Value>303</Value>
    </Values>
    <Values>
      <Value>0 Or Missing</Value>
      <Value>oldpeak</Value>
      <Value>5.4125412541</Value>
      <Value>29.88</Value>
      <Value>2</Value>
      <Value>1</Value>
      <Value>          4:        29.9%
 Count:          164</Value>
      <Value>Node Id:            2&#10;&#10;1:        14.6%&#10;2:         1.2%&#10;7:         0.6%&#10;5:         1.2%&#10;10:        28.7%&#10;4:        29.9%&#10;8:        20.7%&#10;9:
 0.6%&#10;3:         0.6%&#10;6:         1.8%&#10; Count:          164</Value>
      <Value>164</Value>
    </Values>
    <Values>
      <Value>1</Value>
      <Value>cp</Value>
      <Value>4.5874587459</Value>
      <Value>41.73</Value>
      <Value>3</Value>
      <Value>1</Value>
      <Value>          7:        41.7%
 Count:          139</Value>
      <Value>Node Id:            3&#10;&#10;1:         7.2%&#10;2:        23.0%&#10;7:        41.7%&#10;5:        10.1%&#10;10:         4.3%&#10;4:         5.0%&#10;8:         7.2%&#10;9:
 0.7%&#10;3:         0.0%&#10;6:         0.7%&#10; Count:          139</Value>
      <Value>139</Value>
    </Values>
    <Values>
      <Value>&lt; 2.35 Or Missing</Value>
      <Value>chol</Value>
      <Value>5.2475247525</Value>
      <Value>30.82</Value>
      <Value>4</Value>
      <Value>2</Value>
      <Value>          4:        30.8%
 Count:          159</Value>
      <Value>Node Id:            4&#10;&#10;1:        13.8%&#10;2:         1.3%&#10;7:         0.0%&#10;5:         0.0%&#10;10:        29.6%&#10;4:        30.8%&#10;8:        21.4%&#10;9:
 0.6%&#10;3:         0.6%&#10;6:         1.9%&#10; Count:          159</Value>
      <Value>159</Value>
    </Values>
    <Values>
      <Value>&gt;= 2.35</Value>
      <Value></Value>
      <Value>0.1650165017</Value>
      <Value>40</Value>
      <Value>5</Value>
      <Value>2</Value>
      <Value>          1:        40.0%
 Count:            5</Value>
      <Value>Node Id:            5&#10;&#10;1:        40.0%&#10;2:         0.0%&#10;7:        20.0%&#10;5:        40.0%&#10;10:         0.0%&#10;4:         0.0%&#10;8:         0.0%&#10;9:
 0.0%&#10;3:         0.0%&#10;6:         0.0%&#10; Count:            5</Value>
      <Value>5</Value>
    </Values>
    <Values>
      <Value>&lt; 2.5</Value>
      <Value></Value>
      <Value>0.5280528053</Value>
      <Value>62.5</Value>
      <Value>6</Value>
      <Value>3</Value>
      <Value>          1:        62.5%
 Count:           16</Value>
      <Value>Node Id:            6&#10;&#10;1:        62.5%&#10;2:         0.0%&#10;7:         0.0%&#10;5:         0.0%&#10;10:        25.0%&#10;4:         0.0%&#10;8:        12.5%&#10;9:
 0.0%&#10;3:         0.0%&#10;6:         0.0%&#10; Count:           16</Value>
      <Value>16</Value>
    </Values>
    <Values>
      <Value>&gt;= 2.5 Or Missing</Value>
      <Value>oldpeak</Value>
      <Value>4.0594059406</Value>
      <Value>47.15</Value>
      <Value>7</Value>
      <Value>3</Value>
      <Value>          7:        47.2%
 Count:          123</Value>
      <Value>Node Id:            7&#10;&#10;1:         0.0%&#10;2:        26.0%&#10;7:        47.2%&#10;5:        11.4%&#10;10:         1.6%&#10;4:         5.7%&#10;8:         6.5%&#10;9:
 0.8%&#10;3:         0.0%&#10;6:         0.8%&#10; Count:          123</Value>
      <Value>123</Value>
    </Values>
    <Values>
      <Value>&lt; 252.5 Or Missing</Value>
      <Value>trestbps</Value>
      <Value>3.399339934</Value>
      <Value>41.75</Value>
      <Value>8</Value>
      <Value>4</Value>
      <Value>          4:        41.7%
 Count:          103</Value>
      <Value>Node Id:            8&#10;&#10;1:        17.5%&#10;2:         0.0%&#10;7:         0.0%&#10;5:         0.0%&#10;10:        36.9%&#10;4:        41.7%&#10;8:         0.0%&#10;9:
 1.0%&#10;3:         0.0%&#10;6:         2.9%&#10; Count:          103</Value>
      <Value>103</Value>
    </Values>
    <Values>
      <Value>&gt;= 252.5</Value>
      <Value></Value>
      <Value>1.8481848185</Value>
      <Value>60.71</Value>
      <Value>9</Value>
      <Value>4</Value>
      <Value>          8:        60.7%
 Count:           56</Value>
      <Value>Node Id:            9&#10;&#10;1:         7.1%&#10;2:         3.6%&#10;7:         0.0%&#10;5:         0.0%&#10;10:        16.1%&#10;4:        10.7%&#10;8:        60.7%&#10;9:
 0.0%&#10;3:         1.8%&#10;6:         0.0%&#10; Count:           56</Value>
      <Value>56</Value>
    </Values>
    <Values>
      <Value>&lt; 0.15</Value>
      <Value>chol</Value>
      <Value>0.7590759076</Value>
      <Value>34.78</Value>
      <Value>10</Value>
      <Value>7</Value>
      <Value>          8:        34.8%
 Count:           23</Value>
      <Value>Node Id:           10&#10;&#10;1:         0.0%&#10;2:        13.0%&#10;7:        13.0%&#10;5:         0.0%&#10;10:         8.7%&#10;4:        26.1%&#10;8:        34.8%&#10;9:
 0.0%&#10;3:         0.0%&#10;6:         4.3%&#10; Count:           23</Value>
      <Value>23</Value>
    </Values>
    <Values>
      <Value>&gt;= 0.15 Or Missing</Value>
      <Value>chol</Value>
      <Value>3.300330033</Value>
      <Value>55</Value>
      <Value>11</Value>
      <Value>7</Value>
      <Value>          7:        55.0%
 Count:          100</Value>
      <Value>Node Id:           11&#10;&#10;1:         0.0%&#10;2:        29.0%&#10;7:        55.0%&#10;5:        14.0%&#10;10:         0.0%&#10;4:         1.0%&#10;8:         0.0%&#10;9:
 1.0%&#10;3:         0.0%&#10;6:         0.0%&#10; Count:          100</Value>
      <Value>100</Value>
    </Values>
    <Values>
      <Value>&lt; 124.5</Value>
      <Value></Value>
      <Value>1.4191419142</Value>
      <Value>86.05</Value>
      <Value>12</Value>
      <Value>8</Value>
      <Value>          4:        86.0%
 Count:           43</Value>
      <Value>Node Id:           12&#10;&#10;1:        14.0%&#10;2:         0.0%&#10;7:         0.0%&#10;5:         0.0%&#10;10:         0.0%&#10;4:        86.0%&#10;8:         0.0%&#10;9:
 0.0%&#10;3:         0.0%&#10;6:         0.0%&#10; Count:           43</Value>
      <Value>43</Value>
    </Values>
    <Values>
      <Value>&gt;= 124.5 Or Missing</Value>
      <Value>slope</Value>
      <Value>1.9801980198</Value>
      <Value>63.33</Value>
      <Value>13</Value>
      <Value>8</Value>
      <Value>         10:        63.3%
 Count:           60</Value>
      <Value>Node Id:           13&#10;&#10;1:        20.0%&#10;2:         0.0%&#10;7:         0.0%&#10;5:         0.0%&#10;10:        63.3%&#10;4:        10.0%&#10;8:         0.0%&#10;9:
 1.7%&#10;3:         0.0%&#10;6:         5.0%&#10; Count:           60</Value>
      <Value>60</Value>
    </Values>
    <Values>
      <Value>&lt; 245</Value>
      <Value></Value>
      <Value>0.3630363036</Value>
      <Value>54.55</Value>
      <Value>16</Value>
      <Value>10</Value>
      <Value>          4:        54.5%
 Count:           11</Value>
      <Value>Node Id:           16&#10;&#10;1:         0.0%&#10;2:         0.0%&#10;7:        27.3%&#10;5:         0.0%&#10;10:        18.2%&#10;4:        54.5%&#10;8:         0.0%&#10;9:
 0.0%&#10;3:         0.0%&#10;6:         0.0%&#10; Count:           11</Value>
      <Value>11</Value>
    </Values>
    <Values>
      <Value>&gt;= 245 Or Missing</Value>
      <Value></Value>
      <Value>0.396039604</Value>
      <Value>66.67</Value>
      <Value>17</Value>
      <Value>10</Value>
      <Value>          8:        66.7%
 Count:           12</Value>
      <Value>Node Id:           17&#10;&#10;1:         0.0%&#10;2:        25.0%&#10;7:         0.0%&#10;5:         0.0%&#10;10:         0.0%&#10;4:         0.0%&#10;8:        66.7%&#10;9:
 0.0%&#10;3:         0.0%&#10;6:         8.3%&#10; Count:           12</Value>
      <Value>12</Value>
    </Values>
    <Values>
      <Value>&lt; 269.5 Or Missing</Value>
      <Value>trestbps</Value>
      <Value>2.1782178218</Value>
      <Value>75.76</Value>
      <Value>18</Value>
      <Value>11</Value>
      <Value>          7:        75.8%
 Count:           66</Value>
      <Value>Node Id:           18&#10;&#10;1:         0.0%&#10;2:         6.1%&#10;7:        75.8%&#10;5:        15.2%&#10;10:         0.0%&#10;4:         1.5%&#10;8:         0.0%&#10;9:
 1.5%&#10;3:         0.0%&#10;6:         0.0%&#10; Count:           66</Value>
      <Value>66</Value>
    </Values>
    <Values>
      <Value>&gt;= 269.5</Value>
      <Value></Value>
      <Value>1.1221122112</Value>
      <Value>73.53</Value>
      <Value>19</Value>
      <Value>11</Value>
      <Value>          2:        73.5%
 Count:           34</Value>
      <Value>Node Id:           19&#10;&#10;1:         0.0%&#10;2:        73.5%&#10;7:        14.7%&#10;5:        11.8%&#10;10:         0.0%&#10;4:         0.0%&#10;8:         0.0%&#10;9:
 0.0%&#10;3:         0.0%&#10;6:         0.0%&#10; Count:           34</Value>
      <Value>34</Value>
    </Values>
    <Values>
      <Value>&lt; 1.5 Or Missing</Value>
      <Value></Value>
      <Value>1.2871287129</Value>
      <Value>84.62</Value>
      <Value>20</Value>
      <Value>13</Value>
      <Value>         10:        84.6%
 Count:           39</Value>
      <Value>Node Id:           20&#10;&#10;1:         0.0%&#10;2:         0.0%&#10;7:         0.0%&#10;5:         0.0%&#10;10:        84.6%&#10;4:         7.7%&#10;8:         0.0%&#10;9:
 2.6%&#10;3:         0.0%&#10;6:         5.1%&#10; Count:           39</Value>
      <Value>39</Value>
    </Values>
    <Values>
      <Value>&gt;= 1.5</Value>
      <Value></Value>
      <Value>0.6930693069</Value>
      <Value>57.14</Value>
      <Value>21</Value>
      <Value>13</Value>
      <Value>          1:        57.1%
 Count:           21</Value>
      <Value>Node Id:           21&#10;&#10;1:        57.1%&#10;2:         0.0%&#10;7:         0.0%&#10;5:         0.0%&#10;10:        23.8%&#10;4:        14.3%&#10;8:         0.0%&#10;9:
 0.0%&#10;3:         0.0%&#10;6:         4.8%&#10; Count:           21</Value>
      <Value>21</Value>
    </Values>
    <Values>
      <Value>&lt; 148 Or Missing</Value>
      <Value></Value>
      <Value>1.8151815182</Value>
      <Value>85.45</Value>
      <Value>22</Value>
      <Value>18</Value>
      <Value>          7:        85.5%
 Count:           55</Value>
      <Value>Node Id:           22&#10;&#10;1:         0.0%&#10;2:         0.0%&#10;7:        85.5%&#10;5:        10.9%&#10;10:         0.0%&#10;4:         1.8%&#10;8:         0.0%&#10;9:
 1.8%&#10;3:         0.0%&#10;6:         0.0%&#10; Count:           55</Value>
      <Value>55</Value>
    </Values>
    <Values>
      <Value>&gt;= 148</Value>
      <Value></Value>
      <Value>0.3630363036</Value>
      <Value>36.36</Value>
      <Value>23</Value>
      <Value>18</Value>
      <Value>          2:        36.4%
 Count:           11</Value>
      <Value>Node Id:           23&#10;&#10;1:         0.0%&#10;2:        36.4%&#10;7:        27.3%&#10;5:        36.4%&#10;10:         0.0%&#10;4:         0.0%&#10;8:         0.0%&#10;9:
 0.0%&#10;3:         0.0%&#10;6:         0.0%&#10; Count:           11</Value>
      <Value>11</Value>
    </Values>
                        </ValuesList>
                  </EmbeddedData>
            </IQData>
      </Data>

      <View>
            <Section>
                  <Body>
                        <Graph name="DecisionTree" >
                              <ChartDataList>
                                    <ChartData name="DTreeData" data="TreeData" >
                                          <Roles>
                                                <Role type="AboveText"   variable="Var1" > </Role>
                                                <Role type="BelowText"   variable="Var2" > </Role>
                                                <Role type="LinkWidth"   variable="Var3" > </Role>
                                                <Role type="NodeColor"   variable="Var4" > </Role>
                                                <Role type="ID"      variable="Var5" > </Role>
                                                <Role type="Parent"    variable="Var6" > </Role>
                                                <Role type="NodeText"    variable="Var7" > </Role>
                                                <Role type="ToolTipText" variable="Var8" > </Role>
                                                <Role type="NodeSize"    variable="Var9" > </Role>
                                          </Roles>
                                    </ChartData>
                              </ChartDataList>
                              <ColorMappers>
                                    <ColorRamp  name="NodeColorRamp"
                                                      underFlowColor="Red"
                                                      overflowColor="Green"
                                                      low="0"
                                                      high="1000"
                                                      beginColor="CX0000FF"
                                                      endColor="CXFFFFFF" >
                                    </ColorRamp>
                                    <ColorRamp  name="LinkColorRamp"
                                                      low="1"
                                                      high="10"
                                                      beginColor="CX000000"
                                                      endColor="CX000000" >
                                    </ColorRamp>
                              </ColorMappers>
                              <ChartAreas>
                                    <ChartArea>
                                          <Charts>
                                          <DecisionTree name="DTree"
                                                  chartData="DTreeData"
                                                  selectionColor="CX00FF00"
                                                  orientation="Vertical"
                                                  emptyNodes="False"
                                                  legendVisible="False"
                                                  titleAnchor="Root"
                                                  footnoteAnchor="Chart"
                                                  displayDepth="4" >

                                    <SplitVarList>
                                          <SplitVar name="SPLIT VAR A" type="DISCRETE" missingBranch="3" values="1,A:1,B:2,C:3,D"/>
                                          <SplitVar name="SPLIT VAR B" type="CONTINUOUS" breaks="10:50:100" />
                                    </SplitVarList>

                                    <IciclePlot isVisible="True"></IciclePlot>

                                    <NodeStyle colorMapper="NodeColorRamp"
                                                   outlineColor="Black"
                                                   outlineWidth="1">
                                          <NodeText textColor="Black"
                                                        textFont="SansSerif"
                                                        textSize="12 pt"
                                                        textFlags="Bold" />
                                    </NodeStyle>
                                    <FlaggedNodeStyle color="CXFF8844"
                                                              outlineColor="Black"
                                                              outlineWidth="3" >
                                          <FlaggedNodeText textColor="Black"
                                                        textFont="SansSerif"
                                                        textSize="12 pt"
                                                        textFlags="Italic" />
                                    </FlaggedNodeStyle>
                                    <LinkStyle textVisible="True"
                                                   colorMapper="LinkColorRamp"
                                                   linkStyle="Manhattan"
                                                   staticWidth="3" >
                                          <LinkText textColor="Black"
                                                        textFont="SansSerif"
                                                        textSize="10 pt"
                                                        textFlags="Bold" />
                                    </LinkStyle>
                                    <GraphStyle numBars="3"
                                                      numStacks="3"
                                                      axisMin="0"
                                                      axisMax="20"
                                                      orientation="Vertical"
                                                      visible="True" >
                                    </GraphStyle>
                              </DecisionTree>
                              </Charts>
                        </ChartArea>
                  </ChartAreas>
            </Graph>
      </Body>
      </Section>
      </View>

  </SASReport>

